author,count
Bob Ippolito,491
Serhiy Storchaka,23
Richard van der Hoff,8
Matthew Dempsky,8
Scott Maxwell,6
cclauss,5
Hugo,5
shakefu,4
Roy Williams,4
Christian Clauss,4
Christoph Gohlke,3
Edgar Ramírez-Mondragón,2
Kishin Yagami,2
Keshav Kini,2
David Baumgold,2
Colin Deasy,2
Janne Kulmala,2
Benjamin Peterson,2
Felix Yan,2
Gregory P. Smith [Google LLC],2
Bruno Alla,1
odidev,1
Nikita Sobolev,1
Richard Quaicoe,1
Hugo van Kemenade,1
mgiessing,1
Hypercube,1
Tal Einat,1
John Hu,1
Nick Babcock,1
Costy Petrisor,1
Ali Ebrahim,1
lgoldstein,1
Adam Chainz,1
Kevin LaFlamme,1
Chris Gavin,1
Jure Cerjak,1
Guy Rozendorn,1
Daniel Baird,1
Gabi Davar,1
Ryo Takahashi,1
Dougal Matthews,1
Keith Bussell,1
JuhaS,1
Idan Kamara,1
